Data,Saldo,Aporte,Base de Cálculo,Rendimento Bruto,IR (%),Rendimento Líquido,Saldo Final
05/2026,"R$ 0,00","R$ 1.000,00","R$ 1.000,00","R$ 10,50",22.5%,"R$ 8,14","R$ 1.008,14"
06/2026,"R$ 1.008,14","R$ 1.000,00","R$ 2.008,14","R$ 21,09",22.5%,"R$ 16,34","R$ 2.024,48"
07/2026,"R$ 2.024,48","R$ 1.000,00","R$ 3.024,48","R$ 31,76",22.5%,"R$ 24,61","R$ 3.049,09"
08/2026,"R$ 3.049,09","R$ 1.000,00","R$ 4.049,09","R$ 42,52",22.5%,"R$ 32,95","R$ 4.082,04"
09/2026,"R$ 4.082,04","R$ 1.000,00","R$ 5.082,04","R$ 53,36",22.5%,"R$ 41,36","R$ 5.123,39"
10/2026,"R$ 5.123,39","R$ 1.000,00","R$ 6.123,39","R$ 64,30",22.5%,"R$ 49,83","R$ 6.173,22"
11/2026,"R$ 6.173,22","R$ 1.000,00","R$ 7.173,22","R$ 75,32",20.0%,"R$ 60,26","R$ 7.233,48"
12/2026,"R$ 7.233,48","R$ 1.000,00","R$ 8.233,48","R$ 86,45",20.0%,"R$ 69,16","R$ 8.302,64"
01/2027,"R$ 8.302,64","R$ 1.000,00","R$ 9.302,64","R$ 97,68",20.0%,"R$ 78,14","R$ 9.380,78"
02/2027,"R$ 9.380,78","R$ 1.000,00","R$ 10.380,78","R$ 109,00",20.0%,"R$ 87,20","R$ 10.467,98"
03/2027,"R$ 10.467,98","R$ 1.000,00","R$ 11.467,98","R$ 120,41",20.0%,"R$ 96,33","R$ 11.564,31"
04/2027,"R$ 11.564,31","R$ 1.000,00","R$ 12.564,31","R$ 131,93",20.0%,"R$ 105,54","R$ 12.669,85"
05/2027,"R$ 12.669,85","R$ 1.000,00","R$ 13.669,85","R$ 143,53",17.5%,"R$ 118,42","R$ 13.788,27"
06/2027,"R$ 13.788,27","R$ 1.000,00","R$ 14.788,27","R$ 155,28",17.5%,"R$ 128,10","R$ 14.916,37"
07/2027,"R$ 14.916,37","R$ 1.000,00","R$ 15.916,37","R$ 167,12",17.5%,"R$ 137,88","R$ 16.054,25"
08/2027,"R$ 16.054,25","R$ 1.000,00","R$ 17.054,25","R$ 179,07",17.5%,"R$ 147,73","R$ 17.201,98"
09/2027,"R$ 17.201,98","R$ 1.000,00","R$ 18.201,98","R$ 191,12",17.5%,"R$ 157,67","R$ 18.359,65"
10/2027,"R$ 18.359,65","R$ 1.000,00","R$ 19.359,65","R$ 203,28",17.5%,"R$ 167,70","R$ 19.527,36"
11/2027,"R$ 19.527,36","R$ 1.000,00","R$ 20.527,36","R$ 215,54",17.5%,"R$ 177,82","R$ 20.705,17"
12/2027,"R$ 20.705,17","R$ 1.000,00","R$ 21.705,17","R$ 227,90",17.5%,"R$ 188,02","R$ 21.893,20"
01/2028,"R$ 21.893,20","R$ 1.000,00","R$ 22.893,20","R$ 240,38",17.5%,"R$ 198,31","R$ 23.091,51"
02/2028,"R$ 23.091,51","R$ 1.000,00","R$ 24.091,51","R$ 252,96",17.5%,"R$ 208,69","R$ 24.300,20"
03/2028,"R$ 24.300,20","R$ 1.000,00","R$ 25.300,20","R$ 265,65",17.5%,"R$ 219,16","R$ 25.519,36"
04/2028,"R$ 25.519,36","R$ 1.000,00","R$ 26.519,36","R$ 278,45",17.5%,"R$ 229,72","R$ 26.749,09"
05/2028,"R$ 26.749,09","R$ 1.000,00","R$ 27.749,09","R$ 291,37",15.0%,"R$ 247,66","R$ 27.996,75"
06/2028,"R$ 27.996,75","R$ 1.000,00","R$ 28.996,75","R$ 304,47",15.0%,"R$ 258,80","R$ 29.255,54"
07/2028,"R$ 29.255,54","R$ 1.000,00","R$ 30.255,54","R$ 317,68",15.0%,"R$ 270,03","R$ 30.525,58"
08/2028,"R$ 30.525,58","R$ 1.000,00","R$ 31.525,58","R$ 331,02",15.0%,"R$ 281,37","R$ 31.806,94"
09/2028,"R$ 31.806,94","R$ 1.000,00","R$ 32.806,94","R$ 344,47",15.0%,"R$ 292,80","R$ 33.099,74"
10/2028,"R$ 33.099,74","R$ 1.000,00","R$ 34.099,74","R$ 358,05",15.0%,"R$ 304,34","R$ 34.404,08"
11/2028,"R$ 34.404,08","R$ 1.000,00","R$ 35.404,08","R$ 371,74",15.0%,"R$ 315,98","R$ 35.720,06"
12/2028,"R$ 35.720,06","R$ 1.000,00","R$ 36.720,06","R$ 385,56",15.0%,"R$ 327,73","R$ 37.047,79"
01/2029,"R$ 37.047,79","R$ 1.000,00","R$ 38.047,79","R$ 399,50",15.0%,"R$ 339,58","R$ 38.387,37"
02/2029,"R$ 38.387,37","R$ 1.000,00","R$ 39.387,37","R$ 413,57",15.0%,"R$ 351,53","R$ 39.738,90"
03/2029,"R$ 39.738,90","R$ 1.000,00","R$ 40.738,90","R$ 427,76",15.0%,"R$ 363,59","R$ 41.102,49"
04/2029,"R$ 41.102,49","R$ 1.000,00","R$ 42.102,49","R$ 442,08",15.0%,"R$ 375,76","R$ 42.478,26"
05/2029,"R$ 42.478,26","R$ 1.000,00","R$ 43.478,26","R$ 456,52",15.0%,"R$ 388,04","R$ 43.866,30"
06/2029,"R$ 43.866,30","R$ 1.000,00","R$ 44.866,30","R$ 471,10",15.0%,"R$ 400,43","R$ 45.266,73"
07/2029,"R$ 45.266,73","R$ 1.000,00","R$ 46.266,73","R$ 485,80",15.0%,"R$ 412,93","R$ 46.679,67"
08/2029,"R$ 46.679,67","R$ 1.000,00","R$ 47.679,67","R$ 500,64",15.0%,"R$ 425,54","R$ 48.105,21"
09/2029,"R$ 48.105,21","R$ 1.000,00","R$ 49.105,21","R$ 515,60",15.0%,"R$ 438,26","R$ 49.543,47"
10/2029,"R$ 49.543,47","R$ 1.000,00","R$ 50.543,47","R$ 530,71",15.0%,"R$ 451,10","R$ 50.994,57"
11/2029,"R$ 50.994,57","R$ 1.000,00","R$ 51.994,57","R$ 545,94",15.0%,"R$ 464,05","R$ 52.458,62"
12/2029,"R$ 52.458,62","R$ 1.000,00","R$ 53.458,62","R$ 561,32",15.0%,"R$ 477,12","R$ 53.935,74"
01/2030,"R$ 53.935,74","R$ 1.000,00","R$ 54.935,74","R$ 576,83",15.0%,"R$ 490,30","R$ 55.426,04"
02/2030,"R$ 55.426,04","R$ 1.000,00","R$ 56.426,04","R$ 592,47",15.0%,"R$ 503,60","R$ 56.929,64"
03/2030,"R$ 56.929,64","R$ 1.000,00","R$ 57.929,64","R$ 608,26",15.0%,"R$ 517,02","R$ 58.446,67"
04/2030,"R$ 58.446,67","R$ 1.000,00","R$ 59.446,67","R$ 624,19",15.0%,"R$ 530,56","R$ 59.977,23"
05/2030,"R$ 59.977,23","R$ 1.000,00","R$ 60.977,23","R$ 640,26",15.0%,"R$ 544,22","R$ 61.521,45"
06/2030,"R$ 61.521,45","R$ 1.000,00","R$ 62.521,45","R$ 656,48",15.0%,"R$ 558,00","R$ 63.079,45"
07/2030,"R$ 63.079,45","R$ 1.000,00","R$ 64.079,45","R$ 672,83",15.0%,"R$ 571,91","R$ 64.651,36"
08/2030,"R$ 64.651,36","R$ 1.000,00","R$ 65.651,36","R$ 689,34",15.0%,"R$ 585,94","R$ 66.237,30"
09/2030,"R$ 66.237,30","R$ 1.000,00","R$ 67.237,30","R$ 705,99",15.0%,"R$ 600,09","R$ 67.837,39"
10/2030,"R$ 67.837,39","R$ 1.000,00","R$ 68.837,39","R$ 722,79",15.0%,"R$ 614,37","R$ 69.451,77"
11/2030,"R$ 69.451,77","R$ 1.000,00","R$ 70.451,77","R$ 739,74",15.0%,"R$ 628,78","R$ 71.080,55"
12/2030,"R$ 71.080,55","R$ 1.000,00","R$ 72.080,55","R$ 756,85",15.0%,"R$ 643,32","R$ 72.723,87"
01/2031,"R$ 72.723,87","R$ 1.000,00","R$ 73.723,87","R$ 774,10",15.0%,"R$ 657,99","R$ 74.381,85"
02/2031,"R$ 74.381,85","R$ 1.000,00","R$ 75.381,85","R$ 791,51",15.0%,"R$ 672,78","R$ 76.054,64"
03/2031,"R$ 76.054,64","R$ 1.000,00","R$ 77.054,64","R$ 809,07",15.0%,"R$ 687,71","R$ 77.742,35"
04/2031,"R$ 77.742,35","R$ 1.000,00","R$ 78.742,35","R$ 826,79",15.0%,"R$ 702,78","R$ 79.445,13"
05/2031,"R$ 79.445,13","R$ 1.000,00","R$ 80.445,13","R$ 844,67",15.0%,"R$ 717,97","R$ 81.163,10"
06/2031,"R$ 81.163,10","R$ 1.000,00","R$ 82.163,10","R$ 862,71",15.0%,"R$ 733,31","R$ 82.896,40"
07/2031,"R$ 82.896,40","R$ 1.000,00","R$ 83.896,40","R$ 880,91",15.0%,"R$ 748,78","R$ 84.645,18"
08/2031,"R$ 84.645,18","R$ 1.000,00","R$ 85.645,18","R$ 899,27",15.0%,"R$ 764,38","R$ 86.409,56"
09/2031,"R$ 86.409,56","R$ 1.000,00","R$ 87.409,56","R$ 917,80",15.0%,"R$ 780,13","R$ 88.189,69"
10/2031,"R$ 88.189,69","R$ 1.000,00","R$ 89.189,69","R$ 936,49",15.0%,"R$ 796,02","R$ 89.985,71"
11/2031,"R$ 89.985,71","R$ 1.000,00","R$ 90.985,71","R$ 955,35",15.0%,"R$ 812,05","R$ 91.797,76"
12/2031,"R$ 91.797,76","R$ 1.000,00","R$ 92.797,76","R$ 974,38",15.0%,"R$ 828,22","R$ 93.625,98"
01/2032,"R$ 93.625,98","R$ 1.000,00","R$ 94.625,98","R$ 993,57",15.0%,"R$ 844,54","R$ 95.470,51"
02/2032,"R$ 95.470,51","R$ 1.000,00","R$ 96.470,51","R$ 1.012,94",15.0%,"R$ 861,00","R$ 97.331,51"
03/2032,"R$ 97.331,51","R$ 1.000,00","R$ 98.331,51","R$ 1.032,48",15.0%,"R$ 877,61","R$ 99.209,12"
04/2032,"R$ 99.209,12","R$ 1.000,00","R$ 100.209,12","R$ 1.052,20",15.0%,"R$ 894,37","R$ 101.103,49"
05/2032,"R$ 101.103,49","R$ 1.000,00","R$ 102.103,49","R$ 1.072,09",15.0%,"R$ 911,27","R$ 103.014,76"
06/2032,"R$ 103.014,76","R$ 1.000,00","R$ 104.014,76","R$ 1.092,16",15.0%,"R$ 928,33","R$ 104.943,09"
07/2032,"R$ 104.943,09","R$ 1.000,00","R$ 105.943,09","R$ 1.112,40",15.0%,"R$ 945,54","R$ 106.888,64"
08/2032,"R$ 106.888,64","R$ 1.000,00","R$ 107.888,64","R$ 1.132,83",15.0%,"R$ 962,91","R$ 108.851,54"
09/2032,"R$ 108.851,54","R$ 1.000,00","R$ 109.851,54","R$ 1.153,44",15.0%,"R$ 980,43","R$ 110.831,97"
10/2032,"R$ 110.831,97","R$ 1.000,00","R$ 111.831,97","R$ 1.174,24",15.0%,"R$ 998,10","R$ 112.830,07"
11/2032,"R$ 112.830,07","R$ 1.000,00","R$ 113.830,07","R$ 1.195,22",15.0%,"R$ 1.015,93","R$ 114.846,00"
12/2032,"R$ 114.846,00","R$ 1.000,00","R$ 115.846,00","R$ 1.216,38",15.0%,"R$ 1.033,93","R$ 116.879,93"
01/2033,"R$ 116.879,93","R$ 1.000,00","R$ 117.879,93","R$ 1.237,74",15.0%,"R$ 1.052,08","R$ 118.932,01"
02/2033,"R$ 118.932,01","R$ 1.000,00","R$ 119.932,01","R$ 1.259,29",15.0%,"R$ 1.070,39","R$ 121.002,40"
03/2033,"R$ 121.002,40","R$ 1.000,00","R$ 122.002,40","R$ 1.281,03",15.0%,"R$ 1.088,87","R$ 123.091,27"
04/2033,"R$ 123.091,27","R$ 1.000,00","R$ 124.091,27","R$ 1.302,96",15.0%,"R$ 1.107,51","R$ 125.198,78"
05/2033,"R$ 125.198,78","R$ 1.000,00","R$ 126.198,78","R$ 1.325,09",15.0%,"R$ 1.126,32","R$ 127.325,11"
06/2033,"R$ 127.325,11","R$ 1.000,00","R$ 128.325,11","R$ 1.347,41",15.0%,"R$ 1.145,30","R$ 129.470,41"
07/2033,"R$ 129.470,41","R$ 1.000,00","R$ 130.470,41","R$ 1.369,94",15.0%,"R$ 1.164,45","R$ 131.634,86"
08/2033,"R$ 131.634,86","R$ 1.000,00","R$ 132.634,86","R$ 1.392,67",15.0%,"R$ 1.183,77","R$ 133.818,63"
09/2033,"R$ 133.818,63","R$ 1.000,00","R$ 134.818,63","R$ 1.415,60",15.0%,"R$ 1.203,26","R$ 136.021,88"
10/2033,"R$ 136.021,88","R$ 1.000,00","R$ 137.021,88","R$ 1.438,73",15.0%,"R$ 1.222,92","R$ 138.244,80"
11/2033,"R$ 138.244,80","R$ 1.000,00","R$ 139.244,80","R$ 1.462,07",15.0%,"R$ 1.242,76","R$ 140.487,56"
12/2033,"R$ 140.487,56","R$ 1.000,00","R$ 141.487,56","R$ 1.485,62",15.0%,"R$ 1.262,78","R$ 142.750,34"
01/2034,"R$ 142.750,34","R$ 1.000,00","R$ 143.750,34","R$ 1.509,38",15.0%,"R$ 1.282,97","R$ 145.033,31"
02/2034,"R$ 145.033,31","R$ 1.000,00","R$ 146.033,31","R$ 1.533,35",15.0%,"R$ 1.303,35","R$ 147.336,66"
03/2034,"R$ 147.336,66","R$ 1.000,00","R$ 148.336,66","R$ 1.557,53",15.0%,"R$ 1.323,90","R$ 149.660,56"
04/2034,"R$ 149.660,56","R$ 1.000,00","R$ 150.660,56","R$ 1.581,94",15.0%,"R$ 1.344,65","R$ 152.005,21"
05/2034,"R$ 152.005,21","R$ 1.000,00","R$ 153.005,21","R$ 1.606,55",15.0%,"R$ 1.365,57","R$ 154.370,78"
06/2034,"R$ 154.370,78","R$ 1.000,00","R$ 155.370,78","R$ 1.631,39",15.0%,"R$ 1.386,68","R$ 156.757,46"
07/2034,"R$ 156.757,46","R$ 1.000,00","R$ 157.757,46","R$ 1.656,45",15.0%,"R$ 1.407,99","R$ 159.165,45"
08/2034,"R$ 159.165,45","R$ 1.000,00","R$ 160.165,45","R$ 1.681,74",15.0%,"R$ 1.429,48","R$ 161.594,92"
09/2034,"R$ 161.594,92","R$ 1.000,00","R$ 162.594,92","R$ 1.707,25",15.0%,"R$ 1.451,16","R$ 164.046,08"
10/2034,"R$ 164.046,08","R$ 1.000,00","R$ 165.046,08","R$ 1.732,98",15.0%,"R$ 1.473,04","R$ 166.519,12"
11/2034,"R$ 166.519,12","R$ 1.000,00","R$ 167.519,12","R$ 1.758,95",15.0%,"R$ 1.495,11","R$ 169.014,23"
12/2034,"R$ 169.014,23","R$ 1.000,00","R$ 170.014,23","R$ 1.785,15",15.0%,"R$ 1.517,38","R$ 171.531,61"
01/2035,"R$ 171.531,61","R$ 1.000,00","R$ 172.531,61","R$ 1.811,58",15.0%,"R$ 1.539,84","R$ 174.071,45"
02/2035,"R$ 174.071,45","R$ 1.000,00","R$ 175.071,45","R$ 1.838,25",15.0%,"R$ 1.562,51","R$ 176.633,96"
03/2035,"R$ 176.633,96","R$ 1.000,00","R$ 177.633,96","R$ 1.865,16",15.0%,"R$ 1.585,38","R$ 179.219,35"
04/2035,"R$ 179.219,35","R$ 1.000,00","R$ 180.219,35","R$ 1.892,30",15.0%,"R$ 1.608,46","R$ 181.827,80"
05/2035,"R$ 181.827,80","R$ 1.000,00","R$ 182.827,80","R$ 1.919,69",15.0%,"R$ 1.631,74","R$ 184.459,54"
06/2035,"R$ 184.459,54","R$ 1.000,00","R$ 185.459,54","R$ 1.947,33",15.0%,"R$ 1.655,23","R$ 187.114,77"
07/2035,"R$ 187.114,77","R$ 1.000,00","R$ 188.114,77","R$ 1.975,21",15.0%,"R$ 1.678,92","R$ 189.793,69"
08/2035,"R$ 189.793,69","R$ 1.000,00","R$ 190.793,69","R$ 2.003,33",15.0%,"R$ 1.702,83","R$ 192.496,53"
09/2035,"R$ 192.496,53","R$ 1.000,00","R$ 193.496,53","R$ 2.031,71",15.0%,"R$ 1.726,96","R$ 195.223,48"
10/2035,"R$ 195.223,48","R$ 1.000,00","R$ 196.223,48","R$ 2.060,35",15.0%,"R$ 1.751,29","R$ 197.974,78"
11/2035,"R$ 197.974,78","R$ 1.000,00","R$ 198.974,78","R$ 2.089,24",15.0%,"R$ 1.775,85","R$ 200.750,63"
12/2035,"R$ 200.750,63","R$ 1.000,00","R$ 201.750,63","R$ 2.118,38",15.0%,"R$ 1.800,62","R$ 203.551,25"
01/2036,"R$ 203.551,25","R$ 1.000,00","R$ 204.551,25","R$ 2.147,79",15.0%,"R$ 1.825,62","R$ 206.376,87"
02/2036,"R$ 206.376,87","R$ 1.000,00","R$ 207.376,87","R$ 2.177,46",15.0%,"R$ 1.850,84","R$ 209.227,71"
03/2036,"R$ 209.227,71","R$ 1.000,00","R$ 210.227,71","R$ 2.207,39",15.0%,"R$ 1.876,28","R$ 212.103,99"
04/2036,"R$ 212.103,99","R$ 1.000,00","R$ 213.103,99","R$ 2.237,59",15.0%,"R$ 1.901,95","R$ 215.005,95"
05/2036,"R$ 215.005,95","R$ 1.000,00","R$ 216.005,95","R$ 2.268,06",15.0%,"R$ 1.927,85","R$ 217.933,80"
06/2036,"R$ 217.933,80","R$ 1.000,00","R$ 218.933,80","R$ 2.298,80",15.0%,"R$ 1.953,98","R$ 220.887,78"
07/2036,"R$ 220.887,78","R$ 1.000,00","R$ 221.887,78","R$ 2.329,82",15.0%,"R$ 1.980,35","R$ 223.868,13"
08/2036,"R$ 223.868,13","R$ 1.000,00","R$ 224.868,13","R$ 2.361,12",15.0%,"R$ 2.006,95","R$ 226.875,08"
09/2036,"R$ 226.875,08","R$ 1.000,00","R$ 227.875,08","R$ 2.392,69",15.0%,"R$ 2.033,79","R$ 229.908,86"
10/2036,"R$ 229.908,86","R$ 1.000,00","R$ 230.908,86","R$ 2.424,54",15.0%,"R$ 2.060,86","R$ 232.969,73"
11/2036,"R$ 232.969,73","R$ 1.000,00","R$ 233.969,73","R$ 2.456,68",15.0%,"R$ 2.088,18","R$ 236.057,91"
12/2036,"R$ 236.057,91","R$ 1.000,00","R$ 237.057,91","R$ 2.489,11",15.0%,"R$ 2.115,74","R$ 239.173,65"
01/2037,"R$ 239.173,65","R$ 1.000,00","R$ 240.173,65","R$ 2.521,82",15.0%,"R$ 2.143,55","R$ 242.317,20"
02/2037,"R$ 242.317,20","R$ 1.000,00","R$ 243.317,20","R$ 2.554,83",15.0%,"R$ 2.171,61","R$ 245.488,80"
03/2037,"R$ 245.488,80","R$ 1.000,00","R$ 246.488,80","R$ 2.588,13",15.0%,"R$ 2.199,91","R$ 248.688,72"
04/2037,"R$ 248.688,72","R$ 1.000,00","R$ 249.688,72","R$ 2.621,73",15.0%,"R$ 2.228,47","R$ 251.917,19"
05/2037,"R$ 251.917,19","R$ 1.000,00","R$ 252.917,19","R$ 2.655,63",15.0%,"R$ 2.257,29","R$ 255.174,47"
06/2037,"R$ 255.174,47","R$ 1.000,00","R$ 256.174,47","R$ 2.689,83",15.0%,"R$ 2.286,36","R$ 258.460,83"
07/2037,"R$ 258.460,83","R$ 1.000,00","R$ 259.460,83","R$ 2.724,34",15.0%,"R$ 2.315,69","R$ 261.776,52"
08/2037,"R$ 261.776,52","R$ 1.000,00","R$ 262.776,52","R$ 2.759,15",15.0%,"R$ 2.345,28","R$ 265.121,80"
09/2037,"R$ 265.121,80","R$ 1.000,00","R$ 266.121,80","R$ 2.794,28",15.0%,"R$ 2.375,14","R$ 268.496,94"
10/2037,"R$ 268.496,94","R$ 1.000,00","R$ 269.496,94","R$ 2.829,72",15.0%,"R$ 2.405,26","R$ 271.902,20"
11/2037,"R$ 271.902,20","R$ 1.000,00","R$ 272.902,20","R$ 2.865,47",15.0%,"R$ 2.435,65","R$ 275.337,85"
12/2037,"R$ 275.337,85","R$ 1.000,00","R$ 276.337,85","R$ 2.901,55",15.0%,"R$ 2.466,32","R$ 278.804,16"
01/2038,"R$ 278.804,16","R$ 1.000,00","R$ 279.804,16","R$ 2.937,94",15.0%,"R$ 2.497,25","R$ 282.301,42"
02/2038,"R$ 282.301,42","R$ 1.000,00","R$ 283.301,42","R$ 2.974,66",15.0%,"R$ 2.528,47","R$ 285.829,88"
03/2038,"R$ 285.829,88","R$ 1.000,00","R$ 286.829,88","R$ 3.011,71",15.0%,"R$ 2.559,96","R$ 289.389,84"
04/2038,"R$ 289.389,84","R$ 1.000,00","R$ 290.389,84","R$ 3.049,09",15.0%,"R$ 2.591,73","R$ 292.981,57"
05/2038,"R$ 292.981,57","R$ 1.000,00","R$ 293.981,57","R$ 3.086,81",15.0%,"R$ 2.623,79","R$ 296.605,35"
06/2038,"R$ 296.605,35","R$ 1.000,00","R$ 297.605,35","R$ 3.124,86",15.0%,"R$ 2.656,13","R$ 300.261,48"
07/2038,"R$ 300.261,48","R$ 1.000,00","R$ 301.261,48","R$ 3.163,25",15.0%,"R$ 2.688,76","R$ 303.950,24"
08/2038,"R$ 303.950,24","R$ 1.000,00","R$ 304.950,24","R$ 3.201,98",15.0%,"R$ 2.721,68","R$ 307.671,92"
09/2038,"R$ 307.671,92","R$ 1.000,00","R$ 308.671,92","R$ 3.241,06",15.0%,"R$ 2.754,90","R$ 311.426,82"
10/2038,"R$ 311.426,82","R$ 1.000,00","R$ 312.426,82","R$ 3.280,48",15.0%,"R$ 2.788,41","R$ 315.215,23"
11/2038,"R$ 315.215,23","R$ 1.000,00","R$ 316.215,23","R$ 3.320,26",15.0%,"R$ 2.822,22","R$ 319.037,45"
12/2038,"R$ 319.037,45","R$ 1.000,00","R$ 320.037,45","R$ 3.360,39",15.0%,"R$ 2.856,33","R$ 322.893,78"
01/2039,"R$ 322.893,78","R$ 1.000,00","R$ 323.893,78","R$ 3.400,88",15.0%,"R$ 2.890,75","R$ 326.784,53"
02/2039,"R$ 326.784,53","R$ 1.000,00","R$ 327.784,53","R$ 3.441,74",15.0%,"R$ 2.925,48","R$ 330.710,01"
03/2039,"R$ 330.710,01","R$ 1.000,00","R$ 331.710,01","R$ 3.482,96",15.0%,"R$ 2.960,51","R$ 334.670,52"
04/2039,"R$ 334.670,52","R$ 1.000,00","R$ 335.670,52","R$ 3.524,54",15.0%,"R$ 2.995,86","R$ 338.666,38"
05/2039,"R$ 338.666,38","R$ 1.000,00","R$ 339.666,38","R$ 3.566,50",15.0%,"R$ 3.031,52","R$ 342.697,90"
06/2039,"R$ 342.697,90","R$ 1.000,00","R$ 343.697,90","R$ 3.608,83",15.0%,"R$ 3.067,50","R$ 346.765,41"
07/2039,"R$ 346.765,41","R$ 1.000,00","R$ 347.765,41","R$ 3.651,54",15.0%,"R$ 3.103,81","R$ 350.869,21"
08/2039,"R$ 350.869,21","R$ 1.000,00","R$ 351.869,21","R$ 3.694,63",15.0%,"R$ 3.140,43","R$ 355.009,65"
09/2039,"R$ 355.009,65","R$ 1.000,00","R$ 356.009,65","R$ 3.738,10",15.0%,"R$ 3.177,39","R$ 359.187,03"
10/2039,"R$ 359.187,03","R$ 1.000,00","R$ 360.187,03","R$ 3.781,96",15.0%,"R$ 3.214,67","R$ 363.401,70"
11/2039,"R$ 363.401,70","R$ 1.000,00","R$ 364.401,70","R$ 3.826,22",15.0%,"R$ 3.252,29","R$ 367.653,99"
12/2039,"R$ 367.653,99","R$ 1.000,00","R$ 368.653,99","R$ 3.870,87",15.0%,"R$ 3.290,24","R$ 371.944,22"
01/2040,"R$ 371.944,22","R$ 1.000,00","R$ 372.944,22","R$ 3.915,91",15.0%,"R$ 3.328,53","R$ 376.272,75"
02/2040,"R$ 376.272,75","R$ 1.000,00","R$ 377.272,75","R$ 3.961,36",15.0%,"R$ 3.367,16","R$ 380.639,91"
03/2040,"R$ 380.639,91","R$ 1.000,00","R$ 381.639,91","R$ 4.007,22",15.0%,"R$ 3.406,14","R$ 385.046,05"
04/2040,"R$ 385.046,05","R$ 1.000,00","R$ 386.046,05","R$ 4.053,48",15.0%,"R$ 3.445,46","R$ 389.491,51"
05/2040,"R$ 389.491,51","R$ 1.000,00","R$ 390.491,51","R$ 4.100,16",15.0%,"R$ 3.485,14","R$ 393.976,65"
06/2040,"R$ 393.976,65","R$ 1.000,00","R$ 394.976,65","R$ 4.147,25",15.0%,"R$ 3.525,17","R$ 398.501,81"
07/2040,"R$ 398.501,81","R$ 1.000,00","R$ 399.501,81","R$ 4.194,77",15.0%,"R$ 3.565,55","R$ 403.067,37"
08/2040,"R$ 403.067,37","R$ 1.000,00","R$ 404.067,37","R$ 4.242,71",15.0%,"R$ 3.606,30","R$ 407.673,67"
09/2040,"R$ 407.673,67","R$ 1.000,00","R$ 408.673,67","R$ 4.291,07",15.0%,"R$ 3.647,41","R$ 412.321,08"
10/2040,"R$ 412.321,08","R$ 1.000,00","R$ 413.321,08","R$ 4.339,87",15.0%,"R$ 3.688,89","R$ 417.009,97"
11/2040,"R$ 417.009,97","R$ 1.000,00","R$ 418.009,97","R$ 4.389,10",15.0%,"R$ 3.730,74","R$ 421.740,71"
12/2040,"R$ 421.740,71","R$ 1.000,00","R$ 422.740,71","R$ 4.438,78",15.0%,"R$ 3.772,96","R$ 426.513,67"
01/2041,"R$ 426.513,67","R$ 1.000,00","R$ 427.513,67","R$ 4.488,89",15.0%,"R$ 3.815,56","R$ 431.329,23"
02/2041,"R$ 431.329,23","R$ 1.000,00","R$ 432.329,23","R$ 4.539,46",15.0%,"R$ 3.858,54","R$ 436.187,77"
03/2041,"R$ 436.187,77","R$ 1.000,00","R$ 437.187,77","R$ 4.590,47",15.0%,"R$ 3.901,90","R$ 441.089,67"
04/2041,"R$ 441.089,67","R$ 1.000,00","R$ 442.089,67","R$ 4.641,94",15.0%,"R$ 3.945,65","R$ 446.035,32"
05/2041,"R$ 446.035,32","R$ 1.000,00","R$ 447.035,32","R$ 4.693,87",15.0%,"R$ 3.989,79","R$ 451.025,11"
06/2041,"R$ 451.025,11","R$ 1.000,00","R$ 452.025,11","R$ 4.746,26",15.0%,"R$ 4.034,32","R$ 456.059,43"
07/2041,"R$ 456.059,43","R$ 1.000,00","R$ 457.059,43","R$ 4.799,12",15.0%,"R$ 4.079,26","R$ 461.138,69"
08/2041,"R$ 461.138,69","R$ 1.000,00","R$ 462.138,69","R$ 4.852,46",15.0%,"R$ 4.124,59","R$ 466.263,28"
09/2041,"R$ 466.263,28","R$ 1.000,00","R$ 467.263,28","R$ 4.906,26",15.0%,"R$ 4.170,32","R$ 471.433,60"
10/2041,"R$ 471.433,60","R$ 1.000,00","R$ 472.433,60","R$ 4.960,55",15.0%,"R$ 4.216,47","R$ 476.650,07"
11/2041,"R$ 476.650,07","R$ 1.000,00","R$ 477.650,07","R$ 5.015,33",15.0%,"R$ 4.263,03","R$ 481.913,10"
12/2041,"R$ 481.913,10","R$ 1.000,00","R$ 482.913,10","R$ 5.070,59",15.0%,"R$ 4.310,00","R$ 487.223,10"
01/2042,"R$ 487.223,10","R$ 1.000,00","R$ 488.223,10","R$ 5.126,34",15.0%,"R$ 4.357,39","R$ 492.580,49"
02/2042,"R$ 492.580,49","R$ 1.000,00","R$ 493.580,49","R$ 5.182,60",15.0%,"R$ 4.405,21","R$ 497.985,69"
03/2042,"R$ 497.985,69","R$ 1.000,00","R$ 498.985,69","R$ 5.239,35",15.0%,"R$ 4.453,45","R$ 503.439,14"
04/2042,"R$ 503.439,14","R$ 1.000,00","R$ 504.439,14","R$ 5.296,61",15.0%,"R$ 4.502,12","R$ 508.941,26"
05/2042,"R$ 508.941,26","R$ 1.000,00","R$ 509.941,26","R$ 5.354,38",15.0%,"R$ 4.551,23","R$ 514.492,49"
06/2042,"R$ 514.492,49","R$ 1.000,00","R$ 515.492,49","R$ 5.412,67",15.0%,"R$ 4.600,77","R$ 520.093,26"
07/2042,"R$ 520.093,26","R$ 1.000,00","R$ 521.093,26","R$ 5.471,48",15.0%,"R$ 4.650,76","R$ 525.744,01"
08/2042,"R$ 525.744,01","R$ 1.000,00","R$ 526.744,01","R$ 5.530,81",15.0%,"R$ 4.701,19","R$ 531.445,20"
09/2042,"R$ 531.445,20","R$ 1.000,00","R$ 532.445,20","R$ 5.590,67",15.0%,"R$ 4.752,07","R$ 537.197,28"
10/2042,"R$ 537.197,28","R$ 1.000,00","R$ 538.197,28","R$ 5.651,07",15.0%,"R$ 4.803,41","R$ 543.000,69"
11/2042,"R$ 543.000,69","R$ 1.000,00","R$ 544.000,69","R$ 5.712,01",15.0%,"R$ 4.855,21","R$ 548.855,89"
12/2042,"R$ 548.855,89","R$ 1.000,00","R$ 549.855,89","R$ 5.773,49",15.0%,"R$ 4.907,46","R$ 554.763,36"
01/2043,"R$ 554.763,36","R$ 1.000,00","R$ 555.763,36","R$ 5.835,52",15.0%,"R$ 4.960,19","R$ 560.723,55"
02/2043,"R$ 560.723,55","R$ 1.000,00","R$ 561.723,55","R$ 5.898,10",15.0%,"R$ 5.013,38","R$ 566.736,93"
03/2043,"R$ 566.736,93","R$ 1.000,00","R$ 567.736,93","R$ 5.961,24",15.0%,"R$ 5.067,05","R$ 572.803,98"
04/2043,"R$ 572.803,98","R$ 1.000,00","R$ 573.803,98","R$ 6.024,94",15.0%,"R$ 5.121,20","R$ 578.925,18"
05/2043,"R$ 578.925,18","R$ 1.000,00","R$ 579.925,18","R$ 6.089,21",15.0%,"R$ 5.175,83","R$ 585.101,01"
06/2043,"R$ 585.101,01","R$ 1.000,00","R$ 586.101,01","R$ 6.154,06",15.0%,"R$ 5.230,95","R$ 591.331,97"
07/2043,"R$ 591.331,97","R$ 1.000,00","R$ 592.331,97","R$ 6.219,49",15.0%,"R$ 5.286,56","R$ 597.618,53"
08/2043,"R$ 597.618,53","R$ 1.000,00","R$ 598.618,53","R$ 6.285,49",15.0%,"R$ 5.342,67","R$ 603.961,20"
09/2043,"R$ 603.961,20","R$ 1.000,00","R$ 604.961,20","R$ 6.352,09",15.0%,"R$ 5.399,28","R$ 610.360,48"
10/2043,"R$ 610.360,48","R$ 1.000,00","R$ 611.360,48","R$ 6.419,29",15.0%,"R$ 5.456,39","R$ 616.816,87"
11/2043,"R$ 616.816,87","R$ 1.000,00","R$ 617.816,87","R$ 6.487,08",15.0%,"R$ 5.514,02","R$ 623.330,89"
12/2043,"R$ 623.330,89","R$ 1.000,00","R$ 624.330,89","R$ 6.555,47",15.0%,"R$ 5.572,15","R$ 629.903,04"
01/2044,"R$ 629.903,04","R$ 1.000,00","R$ 630.903,04","R$ 6.624,48",15.0%,"R$ 5.630,81","R$ 636.533,85"
02/2044,"R$ 636.533,85","R$ 1.000,00","R$ 637.533,85","R$ 6.694,11",15.0%,"R$ 5.689,99","R$ 643.223,84"
03/2044,"R$ 643.223,84","R$ 1.000,00","R$ 644.223,84","R$ 6.764,35",15.0%,"R$ 5.749,70","R$ 649.973,54"
04/2044,"R$ 649.973,54","R$ 1.000,00","R$ 650.973,54","R$ 6.835,22",15.0%,"R$ 5.809,94","R$ 656.783,47"
05/2044,"R$ 656.783,47","R$ 1.000,00","R$ 657.783,47","R$ 6.906,73",15.0%,"R$ 5.870,72","R$ 663.654,19"
06/2044,"R$ 663.654,19","R$ 1.000,00","R$ 664.654,19","R$ 6.978,87",15.0%,"R$ 5.932,04","R$ 670.586,23"
07/2044,"R$ 670.586,23","R$ 1.000,00","R$ 671.586,23","R$ 7.051,66",15.0%,"R$ 5.993,91","R$ 677.580,14"
08/2044,"R$ 677.580,14","R$ 1.000,00","R$ 678.580,14","R$ 7.125,09",15.0%,"R$ 6.056,33","R$ 684.636,47"
09/2044,"R$ 684.636,47","R$ 1.000,00","R$ 685.636,47","R$ 7.199,18",15.0%,"R$ 6.119,31","R$ 691.755,77"
10/2044,"R$ 691.755,77","R$ 1.000,00","R$ 692.755,77","R$ 7.273,94",15.0%,"R$ 6.182,85","R$ 698.938,62"
11/2044,"R$ 698.938,62","R$ 1.000,00","R$ 699.938,62","R$ 7.349,36",15.0%,"R$ 6.246,95","R$ 706.185,57"
12/2044,"R$ 706.185,57","R$ 1.000,00","R$ 707.185,57","R$ 7.425,45",15.0%,"R$ 6.311,63","R$ 713.497,20"
01/2045,"R$ 713.497,20","R$ 1.000,00","R$ 714.497,20","R$ 7.502,22",15.0%,"R$ 6.376,89","R$ 720.874,09"
02/2045,"R$ 720.874,09","R$ 1.000,00","R$ 721.874,09","R$ 7.579,68",15.0%,"R$ 6.442,73","R$ 728.316,81"
03/2045,"R$ 728.316,81","R$ 1.000,00","R$ 729.316,81","R$ 7.657,83",15.0%,"R$ 6.509,15","R$ 735.825,97"
04/2045,"R$ 735.825,97","R$ 1.000,00","R$ 736.825,97","R$ 7.736,67",15.0%,"R$ 6.576,17","R$ 743.402,14"
05/2045,"R$ 743.402,14","R$ 1.000,00","R$ 744.402,14","R$ 7.816,22",15.0%,"R$ 6.643,79","R$ 751.045,93"
06/2045,"R$ 751.045,93","R$ 1.000,00","R$ 752.045,93","R$ 7.896,48",15.0%,"R$ 6.712,01","R$ 758.757,94"
07/2045,"R$ 758.757,94","R$ 1.000,00","R$ 759.757,94","R$ 7.977,46",15.0%,"R$ 6.780,84","R$ 766.538,78"
08/2045,"R$ 766.538,78","R$ 1.000,00","R$ 767.538,78","R$ 8.059,16",15.0%,"R$ 6.850,28","R$ 774.389,06"
09/2045,"R$ 774.389,06","R$ 1.000,00","R$ 775.389,06","R$ 8.141,59",15.0%,"R$ 6.920,35","R$ 782.309,41"
10/2045,"R$ 782.309,41","R$ 1.000,00","R$ 783.309,41","R$ 8.224,75",15.0%,"R$ 6.991,04","R$ 790.300,44"
11/2045,"R$ 790.300,44","R$ 1.000,00","R$ 791.300,44","R$ 8.308,65",15.0%,"R$ 7.062,36","R$ 798.362,80"
12/2045,"R$ 798.362,80","R$ 1.000,00","R$ 799.362,80","R$ 8.393,31",15.0%,"R$ 7.134,31","R$ 806.497,11"
01/2046,"R$ 806.497,11","R$ 1.000,00","R$ 807.497,11","R$ 8.478,72",15.0%,"R$ 7.206,91","R$ 814.704,02"
02/2046,"R$ 814.704,02","R$ 1.000,00","R$ 815.704,02","R$ 8.564,89",15.0%,"R$ 7.280,16","R$ 822.984,18"
03/2046,"R$ 822.984,18","R$ 1.000,00","R$ 823.984,18","R$ 8.651,83",15.0%,"R$ 7.354,06","R$ 831.338,24"
04/2046,"R$ 831.338,24","R$ 1.000,00","R$ 832.338,24","R$ 8.739,55",15.0%,"R$ 7.428,62","R$ 839.766,86"
