Data,Saldo,Base de Cálculo,Rendimento Bruto,IR (%),Rendimento Líquido,Saldo Final
05/2026,"R$ 0,00","R$ 0,00","R$ 0,00",22.5%,"R$ 0,00","R$ 1.000,00"
06/2026,"R$ 1.000,00","R$ 1.000,00","R$ 10,50",22.5%,"R$ 8,14","R$ 2.008,14"
07/2026,"R$ 2.008,14","R$ 2.008,14","R$ 21,09",22.5%,"R$ 16,34","R$ 3.024,48"
08/2026,"R$ 3.024,48","R$ 3.024,48","R$ 31,76",22.5%,"R$ 24,61","R$ 4.049,09"
09/2026,"R$ 4.049,09","R$ 4.049,09","R$ 42,52",22.5%,"R$ 32,95","R$ 5.082,04"
10/2026,"R$ 5.082,04","R$ 5.082,04","R$ 53,36",22.5%,"R$ 41,36","R$ 6.123,39"
11/2026,"R$ 6.123,39","R$ 6.123,39","R$ 64,30",20.0%,"R$ 51,44","R$ 7.174,83"
12/2026,"R$ 7.174,83","R$ 7.174,83","R$ 75,34",20.0%,"R$ 60,27","R$ 8.235,10"
01/2027,"R$ 8.235,10","R$ 8.235,10","R$ 86,47",20.0%,"R$ 69,17","R$ 9.304,27"
02/2027,"R$ 9.304,27","R$ 9.304,27","R$ 97,69",20.0%,"R$ 78,16","R$ 10.382,43"
03/2027,"R$ 10.382,43","R$ 10.382,43","R$ 109,02",20.0%,"R$ 87,21","R$ 11.469,64"
04/2027,"R$ 11.469,64","R$ 11.469,64","R$ 120,43",20.0%,"R$ 96,35","R$ 12.565,99"
05/2027,"R$ 12.565,99","R$ 12.565,99","R$ 131,94",17.5%,"R$ 108,85","R$ 13.674,84"
06/2027,"R$ 13.674,84","R$ 13.674,84","R$ 143,59",17.5%,"R$ 118,46","R$ 14.793,30"
07/2027,"R$ 14.793,30","R$ 14.793,30","R$ 155,33",17.5%,"R$ 128,15","R$ 15.921,45"
08/2027,"R$ 15.921,45","R$ 15.921,45","R$ 167,18",17.5%,"R$ 137,92","R$ 17.059,37"
09/2027,"R$ 17.059,37","R$ 17.059,37","R$ 179,12",17.5%,"R$ 147,78","R$ 18.207,14"
10/2027,"R$ 18.207,14","R$ 18.207,14","R$ 191,17",17.5%,"R$ 157,72","R$ 19.364,86"
11/2027,"R$ 19.364,86","R$ 19.364,86","R$ 203,33",17.5%,"R$ 167,75","R$ 20.532,61"
12/2027,"R$ 20.532,61","R$ 20.532,61","R$ 215,59",17.5%,"R$ 177,86","R$ 21.710,47"
01/2028,"R$ 21.710,47","R$ 21.710,47","R$ 227,96",17.5%,"R$ 188,07","R$ 22.898,54"
02/2028,"R$ 22.898,54","R$ 22.898,54","R$ 240,43",17.5%,"R$ 198,36","R$ 24.096,90"
03/2028,"R$ 24.096,90","R$ 24.096,90","R$ 253,02",17.5%,"R$ 208,74","R$ 25.305,64"
04/2028,"R$ 25.305,64","R$ 25.305,64","R$ 265,71",17.5%,"R$ 219,21","R$ 26.524,85"
05/2028,"R$ 26.524,85","R$ 26.524,85","R$ 278,51",15.0%,"R$ 236,73","R$ 27.761,58"
06/2028,"R$ 27.761,58","R$ 27.761,58","R$ 291,50",15.0%,"R$ 247,77","R$ 29.009,36"
07/2028,"R$ 29.009,36","R$ 29.009,36","R$ 304,60",15.0%,"R$ 258,91","R$ 30.268,26"
08/2028,"R$ 30.268,26","R$ 30.268,26","R$ 317,82",15.0%,"R$ 270,14","R$ 31.538,41"
09/2028,"R$ 31.538,41","R$ 31.538,41","R$ 331,15",15.0%,"R$ 281,48","R$ 32.819,89"
10/2028,"R$ 32.819,89","R$ 32.819,89","R$ 344,61",15.0%,"R$ 292,92","R$ 34.112,81"
11/2028,"R$ 34.112,81","R$ 34.112,81","R$ 358,18",15.0%,"R$ 304,46","R$ 35.417,26"
12/2028,"R$ 35.417,26","R$ 35.417,26","R$ 371,88",15.0%,"R$ 316,10","R$ 36.733,36"
01/2029,"R$ 36.733,36","R$ 36.733,36","R$ 385,70",15.0%,"R$ 327,85","R$ 38.061,21"
02/2029,"R$ 38.061,21","R$ 38.061,21","R$ 399,64",15.0%,"R$ 339,70","R$ 39.400,90"
03/2029,"R$ 39.400,90","R$ 39.400,90","R$ 413,71",15.0%,"R$ 351,65","R$ 40.752,56"
04/2029,"R$ 40.752,56","R$ 40.752,56","R$ 427,90",15.0%,"R$ 363,72","R$ 42.116,27"
05/2029,"R$ 42.116,27","R$ 42.116,27","R$ 442,22",15.0%,"R$ 375,89","R$ 43.492,16"
06/2029,"R$ 43.492,16","R$ 43.492,16","R$ 456,67",15.0%,"R$ 388,17","R$ 44.880,33"
07/2029,"R$ 44.880,33","R$ 44.880,33","R$ 471,24",15.0%,"R$ 400,56","R$ 46.280,89"
08/2029,"R$ 46.280,89","R$ 46.280,89","R$ 485,95",15.0%,"R$ 413,06","R$ 47.693,94"
09/2029,"R$ 47.693,94","R$ 47.693,94","R$ 500,79",15.0%,"R$ 425,67","R$ 49.119,61"
10/2029,"R$ 49.119,61","R$ 49.119,61","R$ 515,76",15.0%,"R$ 438,39","R$ 50.558,00"
11/2029,"R$ 50.558,00","R$ 50.558,00","R$ 530,86",15.0%,"R$ 451,23","R$ 52.009,23"
12/2029,"R$ 52.009,23","R$ 52.009,23","R$ 546,10",15.0%,"R$ 464,18","R$ 53.473,42"
01/2030,"R$ 53.473,42","R$ 53.473,42","R$ 561,47",15.0%,"R$ 477,25","R$ 54.950,67"
02/2030,"R$ 54.950,67","R$ 54.950,67","R$ 576,98",15.0%,"R$ 490,43","R$ 56.441,10"
03/2030,"R$ 56.441,10","R$ 56.441,10","R$ 592,63",15.0%,"R$ 503,74","R$ 57.944,84"
04/2030,"R$ 57.944,84","R$ 57.944,84","R$ 608,42",15.0%,"R$ 517,16","R$ 59.462,00"
05/2030,"R$ 59.462,00","R$ 59.462,00","R$ 624,35",15.0%,"R$ 530,70","R$ 60.992,69"
06/2030,"R$ 60.992,69","R$ 60.992,69","R$ 640,42",15.0%,"R$ 544,36","R$ 62.537,05"
07/2030,"R$ 62.537,05","R$ 62.537,05","R$ 656,64",15.0%,"R$ 558,14","R$ 64.095,20"
08/2030,"R$ 64.095,20","R$ 64.095,20","R$ 673,00",15.0%,"R$ 572,05","R$ 65.667,25"
09/2030,"R$ 65.667,25","R$ 65.667,25","R$ 689,51",15.0%,"R$ 586,08","R$ 67.253,33"
10/2030,"R$ 67.253,33","R$ 67.253,33","R$ 706,16",15.0%,"R$ 600,24","R$ 68.853,56"
11/2030,"R$ 68.853,56","R$ 68.853,56","R$ 722,96",15.0%,"R$ 614,52","R$ 70.468,08"
12/2030,"R$ 70.468,08","R$ 70.468,08","R$ 739,91",15.0%,"R$ 628,93","R$ 72.097,01"
01/2031,"R$ 72.097,01","R$ 72.097,01","R$ 757,02",15.0%,"R$ 643,47","R$ 73.740,47"
02/2031,"R$ 73.740,47","R$ 73.740,47","R$ 774,27",15.0%,"R$ 658,13","R$ 75.398,61"
03/2031,"R$ 75.398,61","R$ 75.398,61","R$ 791,69",15.0%,"R$ 672,93","R$ 77.071,54"
04/2031,"R$ 77.071,54","R$ 77.071,54","R$ 809,25",15.0%,"R$ 687,86","R$ 78.759,40"
05/2031,"R$ 78.759,40","R$ 78.759,40","R$ 826,97",15.0%,"R$ 702,93","R$ 80.462,33"
06/2031,"R$ 80.462,33","R$ 80.462,33","R$ 844,85",15.0%,"R$ 718,13","R$ 82.180,46"
07/2031,"R$ 82.180,46","R$ 82.180,46","R$ 862,89",15.0%,"R$ 733,46","R$ 83.913,92"
08/2031,"R$ 83.913,92","R$ 83.913,92","R$ 881,10",15.0%,"R$ 748,93","R$ 85.662,85"
09/2031,"R$ 85.662,85","R$ 85.662,85","R$ 899,46",15.0%,"R$ 764,54","R$ 87.427,39"
10/2031,"R$ 87.427,39","R$ 87.427,39","R$ 917,99",15.0%,"R$ 780,29","R$ 89.207,68"
11/2031,"R$ 89.207,68","R$ 89.207,68","R$ 936,68",15.0%,"R$ 796,18","R$ 91.003,86"
12/2031,"R$ 91.003,86","R$ 91.003,86","R$ 955,54",15.0%,"R$ 812,21","R$ 92.816,07"
01/2032,"R$ 92.816,07","R$ 92.816,07","R$ 974,57",15.0%,"R$ 828,38","R$ 94.644,45"
02/2032,"R$ 94.644,45","R$ 94.644,45","R$ 993,77",15.0%,"R$ 844,70","R$ 96.489,15"
03/2032,"R$ 96.489,15","R$ 96.489,15","R$ 1.013,14",15.0%,"R$ 861,17","R$ 98.350,32"
04/2032,"R$ 98.350,32","R$ 98.350,32","R$ 1.032,68",15.0%,"R$ 877,78","R$ 100.228,10"
05/2032,"R$ 100.228,10","R$ 100.228,10","R$ 1.052,40",15.0%,"R$ 894,54","R$ 102.122,63"
06/2032,"R$ 102.122,63","R$ 102.122,63","R$ 1.072,29",15.0%,"R$ 911,44","R$ 104.034,08"
07/2032,"R$ 104.034,08","R$ 104.034,08","R$ 1.092,36",15.0%,"R$ 928,50","R$ 105.962,58"
08/2032,"R$ 105.962,58","R$ 105.962,58","R$ 1.112,61",15.0%,"R$ 945,72","R$ 107.908,30"
09/2032,"R$ 107.908,30","R$ 107.908,30","R$ 1.133,04",15.0%,"R$ 963,08","R$ 109.871,38"
10/2032,"R$ 109.871,38","R$ 109.871,38","R$ 1.153,65",15.0%,"R$ 980,60","R$ 111.851,98"
11/2032,"R$ 111.851,98","R$ 111.851,98","R$ 1.174,45",15.0%,"R$ 998,28","R$ 113.850,26"
12/2032,"R$ 113.850,26","R$ 113.850,26","R$ 1.195,43",15.0%,"R$ 1.016,11","R$ 115.866,37"
01/2033,"R$ 115.866,37","R$ 115.866,37","R$ 1.216,60",15.0%,"R$ 1.034,11","R$ 117.900,48"
02/2033,"R$ 117.900,48","R$ 117.900,48","R$ 1.237,96",15.0%,"R$ 1.052,26","R$ 119.952,74"
03/2033,"R$ 119.952,74","R$ 119.952,74","R$ 1.259,50",15.0%,"R$ 1.070,58","R$ 122.023,32"
04/2033,"R$ 122.023,32","R$ 122.023,32","R$ 1.281,24",15.0%,"R$ 1.089,06","R$ 124.112,38"
05/2033,"R$ 124.112,38","R$ 124.112,38","R$ 1.303,18",15.0%,"R$ 1.107,70","R$ 126.220,08"
06/2033,"R$ 126.220,08","R$ 126.220,08","R$ 1.325,31",15.0%,"R$ 1.126,51","R$ 128.346,59"
07/2033,"R$ 128.346,59","R$ 128.346,59","R$ 1.347,64",15.0%,"R$ 1.145,49","R$ 130.492,09"
08/2033,"R$ 130.492,09","R$ 130.492,09","R$ 1.370,17",15.0%,"R$ 1.164,64","R$ 132.656,73"
09/2033,"R$ 132.656,73","R$ 132.656,73","R$ 1.392,90",15.0%,"R$ 1.183,96","R$ 134.840,69"
10/2033,"R$ 134.840,69","R$ 134.840,69","R$ 1.415,83",15.0%,"R$ 1.203,45","R$ 137.044,14"
11/2033,"R$ 137.044,14","R$ 137.044,14","R$ 1.438,96",15.0%,"R$ 1.223,12","R$ 139.267,26"
12/2033,"R$ 139.267,26","R$ 139.267,26","R$ 1.462,31",15.0%,"R$ 1.242,96","R$ 141.510,22"
01/2034,"R$ 141.510,22","R$ 141.510,22","R$ 1.485,86",15.0%,"R$ 1.262,98","R$ 143.773,20"
02/2034,"R$ 143.773,20","R$ 143.773,20","R$ 1.509,62",15.0%,"R$ 1.283,18","R$ 146.056,38"
03/2034,"R$ 146.056,38","R$ 146.056,38","R$ 1.533,59",15.0%,"R$ 1.303,55","R$ 148.359,93"
04/2034,"R$ 148.359,93","R$ 148.359,93","R$ 1.557,78",15.0%,"R$ 1.324,11","R$ 150.684,04"
05/2034,"R$ 150.684,04","R$ 150.684,04","R$ 1.582,18",15.0%,"R$ 1.344,86","R$ 153.028,90"
06/2034,"R$ 153.028,90","R$ 153.028,90","R$ 1.606,80",15.0%,"R$ 1.365,78","R$ 155.394,68"
07/2034,"R$ 155.394,68","R$ 155.394,68","R$ 1.631,64",15.0%,"R$ 1.386,90","R$ 157.781,58"
08/2034,"R$ 157.781,58","R$ 157.781,58","R$ 1.656,71",15.0%,"R$ 1.408,20","R$ 160.189,78"
09/2034,"R$ 160.189,78","R$ 160.189,78","R$ 1.681,99",15.0%,"R$ 1.429,69","R$ 162.619,47"
10/2034,"R$ 162.619,47","R$ 162.619,47","R$ 1.707,50",15.0%,"R$ 1.451,38","R$ 165.070,85"
11/2034,"R$ 165.070,85","R$ 165.070,85","R$ 1.733,24",15.0%,"R$ 1.473,26","R$ 167.544,11"
12/2034,"R$ 167.544,11","R$ 167.544,11","R$ 1.759,21",15.0%,"R$ 1.495,33","R$ 170.039,44"
01/2035,"R$ 170.039,44","R$ 170.039,44","R$ 1.785,41",15.0%,"R$ 1.517,60","R$ 172.557,04"
02/2035,"R$ 172.557,04","R$ 172.557,04","R$ 1.811,85",15.0%,"R$ 1.540,07","R$ 175.097,11"
03/2035,"R$ 175.097,11","R$ 175.097,11","R$ 1.838,52",15.0%,"R$ 1.562,74","R$ 177.659,86"
04/2035,"R$ 177.659,86","R$ 177.659,86","R$ 1.865,43",15.0%,"R$ 1.585,61","R$ 180.245,47"
05/2035,"R$ 180.245,47","R$ 180.245,47","R$ 1.892,58",15.0%,"R$ 1.608,69","R$ 182.854,16"
06/2035,"R$ 182.854,16","R$ 182.854,16","R$ 1.919,97",15.0%,"R$ 1.631,97","R$ 185.486,13"
07/2035,"R$ 185.486,13","R$ 185.486,13","R$ 1.947,60",15.0%,"R$ 1.655,46","R$ 188.141,60"
08/2035,"R$ 188.141,60","R$ 188.141,60","R$ 1.975,49",15.0%,"R$ 1.679,16","R$ 190.820,76"
09/2035,"R$ 190.820,76","R$ 190.820,76","R$ 2.003,62",15.0%,"R$ 1.703,08","R$ 193.523,84"
10/2035,"R$ 193.523,84","R$ 193.523,84","R$ 2.032,00",15.0%,"R$ 1.727,20","R$ 196.251,04"
11/2035,"R$ 196.251,04","R$ 196.251,04","R$ 2.060,64",15.0%,"R$ 1.751,54","R$ 199.002,58"
12/2035,"R$ 199.002,58","R$ 199.002,58","R$ 2.089,53",15.0%,"R$ 1.776,10","R$ 201.778,68"
01/2036,"R$ 201.778,68","R$ 201.778,68","R$ 2.118,68",15.0%,"R$ 1.800,87","R$ 204.579,55"
02/2036,"R$ 204.579,55","R$ 204.579,55","R$ 2.148,09",15.0%,"R$ 1.825,87","R$ 207.405,42"
03/2036,"R$ 207.405,42","R$ 207.405,42","R$ 2.177,76",15.0%,"R$ 1.851,09","R$ 210.256,52"
04/2036,"R$ 210.256,52","R$ 210.256,52","R$ 2.207,69",15.0%,"R$ 1.876,54","R$ 213.133,06"
05/2036,"R$ 213.133,06","R$ 213.133,06","R$ 2.237,90",15.0%,"R$ 1.902,21","R$ 216.035,27"
06/2036,"R$ 216.035,27","R$ 216.035,27","R$ 2.268,37",15.0%,"R$ 1.928,11","R$ 218.963,38"
07/2036,"R$ 218.963,38","R$ 218.963,38","R$ 2.299,12",15.0%,"R$ 1.954,25","R$ 221.917,63"
08/2036,"R$ 221.917,63","R$ 221.917,63","R$ 2.330,14",15.0%,"R$ 1.980,61","R$ 224.898,25"
09/2036,"R$ 224.898,25","R$ 224.898,25","R$ 2.361,43",15.0%,"R$ 2.007,22","R$ 227.905,46"
10/2036,"R$ 227.905,46","R$ 227.905,46","R$ 2.393,01",15.0%,"R$ 2.034,06","R$ 230.939,52"
11/2036,"R$ 230.939,52","R$ 230.939,52","R$ 2.424,86",15.0%,"R$ 2.061,14","R$ 234.000,65"
12/2036,"R$ 234.000,65","R$ 234.000,65","R$ 2.457,01",15.0%,"R$ 2.088,46","R$ 237.089,11"
01/2037,"R$ 237.089,11","R$ 237.089,11","R$ 2.489,44",15.0%,"R$ 2.116,02","R$ 240.205,13"
02/2037,"R$ 240.205,13","R$ 240.205,13","R$ 2.522,15",15.0%,"R$ 2.143,83","R$ 243.348,96"
03/2037,"R$ 243.348,96","R$ 243.348,96","R$ 2.555,16",15.0%,"R$ 2.171,89","R$ 246.520,85"
04/2037,"R$ 246.520,85","R$ 246.520,85","R$ 2.588,47",15.0%,"R$ 2.200,20","R$ 249.721,05"
05/2037,"R$ 249.721,05","R$ 249.721,05","R$ 2.622,07",15.0%,"R$ 2.228,76","R$ 252.949,81"
06/2037,"R$ 252.949,81","R$ 252.949,81","R$ 2.655,97",15.0%,"R$ 2.257,58","R$ 256.207,39"
07/2037,"R$ 256.207,39","R$ 256.207,39","R$ 2.690,18",15.0%,"R$ 2.286,65","R$ 259.494,04"
08/2037,"R$ 259.494,04","R$ 259.494,04","R$ 2.724,69",15.0%,"R$ 2.315,98","R$ 262.810,02"
09/2037,"R$ 262.810,02","R$ 262.810,02","R$ 2.759,51",15.0%,"R$ 2.345,58","R$ 266.155,60"
10/2037,"R$ 266.155,60","R$ 266.155,60","R$ 2.794,63",15.0%,"R$ 2.375,44","R$ 269.531,04"
11/2037,"R$ 269.531,04","R$ 269.531,04","R$ 2.830,08",15.0%,"R$ 2.405,56","R$ 272.936,61"
12/2037,"R$ 272.936,61","R$ 272.936,61","R$ 2.865,83",15.0%,"R$ 2.435,96","R$ 276.372,56"
01/2038,"R$ 276.372,56","R$ 276.372,56","R$ 2.901,91",15.0%,"R$ 2.466,63","R$ 279.839,19"
02/2038,"R$ 279.839,19","R$ 279.839,19","R$ 2.938,31",15.0%,"R$ 2.497,56","R$ 283.336,75"
03/2038,"R$ 283.336,75","R$ 283.336,75","R$ 2.975,04",15.0%,"R$ 2.528,78","R$ 286.865,54"
04/2038,"R$ 286.865,54","R$ 286.865,54","R$ 3.012,09",15.0%,"R$ 2.560,27","R$ 290.425,81"
05/2038,"R$ 290.425,81","R$ 290.425,81","R$ 3.049,47",15.0%,"R$ 2.592,05","R$ 294.017,86"
06/2038,"R$ 294.017,86","R$ 294.017,86","R$ 3.087,19",15.0%,"R$ 2.624,11","R$ 297.641,97"
07/2038,"R$ 297.641,97","R$ 297.641,97","R$ 3.125,24",15.0%,"R$ 2.656,45","R$ 301.298,42"
08/2038,"R$ 301.298,42","R$ 301.298,42","R$ 3.163,63",15.0%,"R$ 2.689,09","R$ 304.987,51"
09/2038,"R$ 304.987,51","R$ 304.987,51","R$ 3.202,37",15.0%,"R$ 2.722,01","R$ 308.709,53"
10/2038,"R$ 308.709,53","R$ 308.709,53","R$ 3.241,45",15.0%,"R$ 2.755,23","R$ 312.464,76"
11/2038,"R$ 312.464,76","R$ 312.464,76","R$ 3.280,88",15.0%,"R$ 2.788,75","R$ 316.253,51"
12/2038,"R$ 316.253,51","R$ 316.253,51","R$ 3.320,66",15.0%,"R$ 2.822,56","R$ 320.076,07"
01/2039,"R$ 320.076,07","R$ 320.076,07","R$ 3.360,80",15.0%,"R$ 2.856,68","R$ 323.932,75"
02/2039,"R$ 323.932,75","R$ 323.932,75","R$ 3.401,29",15.0%,"R$ 2.891,10","R$ 327.823,85"
03/2039,"R$ 327.823,85","R$ 327.823,85","R$ 3.442,15",15.0%,"R$ 2.925,83","R$ 331.749,68"
04/2039,"R$ 331.749,68","R$ 331.749,68","R$ 3.483,37",15.0%,"R$ 2.960,87","R$ 335.710,54"
05/2039,"R$ 335.710,54","R$ 335.710,54","R$ 3.524,96",15.0%,"R$ 2.996,22","R$ 339.706,76"
06/2039,"R$ 339.706,76","R$ 339.706,76","R$ 3.566,92",15.0%,"R$ 3.031,88","R$ 343.738,64"
07/2039,"R$ 343.738,64","R$ 343.738,64","R$ 3.609,26",15.0%,"R$ 3.067,87","R$ 347.806,51"
08/2039,"R$ 347.806,51","R$ 347.806,51","R$ 3.651,97",15.0%,"R$ 3.104,17","R$ 351.910,68"
09/2039,"R$ 351.910,68","R$ 351.910,68","R$ 3.695,06",15.0%,"R$ 3.140,80","R$ 356.051,48"
10/2039,"R$ 356.051,48","R$ 356.051,48","R$ 3.738,54",15.0%,"R$ 3.177,76","R$ 360.229,24"
11/2039,"R$ 360.229,24","R$ 360.229,24","R$ 3.782,41",15.0%,"R$ 3.215,05","R$ 364.444,29"
12/2039,"R$ 364.444,29","R$ 364.444,29","R$ 3.826,67",15.0%,"R$ 3.252,67","R$ 368.696,96"
01/2040,"R$ 368.696,96","R$ 368.696,96","R$ 3.871,32",15.0%,"R$ 3.290,62","R$ 372.987,58"
02/2040,"R$ 372.987,58","R$ 372.987,58","R$ 3.916,37",15.0%,"R$ 3.328,91","R$ 377.316,49"
03/2040,"R$ 377.316,49","R$ 377.316,49","R$ 3.961,82",15.0%,"R$ 3.367,55","R$ 381.684,04"
04/2040,"R$ 381.684,04","R$ 381.684,04","R$ 4.007,68",15.0%,"R$ 3.406,53","R$ 386.090,57"
05/2040,"R$ 386.090,57","R$ 386.090,57","R$ 4.053,95",15.0%,"R$ 3.445,86","R$ 390.536,43"
06/2040,"R$ 390.536,43","R$ 390.536,43","R$ 4.100,63",15.0%,"R$ 3.485,54","R$ 395.021,97"
07/2040,"R$ 395.021,97","R$ 395.021,97","R$ 4.147,73",15.0%,"R$ 3.525,57","R$ 399.547,54"
08/2040,"R$ 399.547,54","R$ 399.547,54","R$ 4.195,25",15.0%,"R$ 3.565,96","R$ 404.113,50"
09/2040,"R$ 404.113,50","R$ 404.113,50","R$ 4.243,19",15.0%,"R$ 3.606,71","R$ 408.720,21"
10/2040,"R$ 408.720,21","R$ 408.720,21","R$ 4.291,56",15.0%,"R$ 3.647,83","R$ 413.368,04"
11/2040,"R$ 413.368,04","R$ 413.368,04","R$ 4.340,36",15.0%,"R$ 3.689,31","R$ 418.057,35"
12/2040,"R$ 418.057,35","R$ 418.057,35","R$ 4.389,60",15.0%,"R$ 3.731,16","R$ 422.788,51"
01/2041,"R$ 422.788,51","R$ 422.788,51","R$ 4.439,28",15.0%,"R$ 3.773,39","R$ 427.561,90"
02/2041,"R$ 427.561,90","R$ 427.561,90","R$ 4.489,40",15.0%,"R$ 3.815,99","R$ 432.377,89"
03/2041,"R$ 432.377,89","R$ 432.377,89","R$ 4.539,97",15.0%,"R$ 3.858,97","R$ 437.236,86"
04/2041,"R$ 437.236,86","R$ 437.236,86","R$ 4.590,99",15.0%,"R$ 3.902,34","R$ 442.139,20"
05/2041,"R$ 442.139,20","R$ 442.139,20","R$ 4.642,46",15.0%,"R$ 3.946,09","R$ 447.085,29"
06/2041,"R$ 447.085,29","R$ 447.085,29","R$ 4.694,40",15.0%,"R$ 3.990,24","R$ 452.075,53"
07/2041,"R$ 452.075,53","R$ 452.075,53","R$ 4.746,79",15.0%,"R$ 4.034,77","R$ 457.110,30"
08/2041,"R$ 457.110,30","R$ 457.110,30","R$ 4.799,66",15.0%,"R$ 4.079,71","R$ 462.190,01"
09/2041,"R$ 462.190,01","R$ 462.190,01","R$ 4.853,00",15.0%,"R$ 4.125,05","R$ 467.315,06"
10/2041,"R$ 467.315,06","R$ 467.315,06","R$ 4.906,81",15.0%,"R$ 4.170,79","R$ 472.485,84"
11/2041,"R$ 472.485,84","R$ 472.485,84","R$ 4.961,10",15.0%,"R$ 4.216,94","R$ 477.702,78"
12/2041,"R$ 477.702,78","R$ 477.702,78","R$ 5.015,88",15.0%,"R$ 4.263,50","R$ 482.966,28"
01/2042,"R$ 482.966,28","R$ 482.966,28","R$ 5.071,15",15.0%,"R$ 4.310,47","R$ 488.276,75"
02/2042,"R$ 488.276,75","R$ 488.276,75","R$ 5.126,91",15.0%,"R$ 4.357,87","R$ 493.634,62"
03/2042,"R$ 493.634,62","R$ 493.634,62","R$ 5.183,16",15.0%,"R$ 4.405,69","R$ 499.040,31"
04/2042,"R$ 499.040,31","R$ 499.040,31","R$ 5.239,92",15.0%,"R$ 4.453,93","R$ 504.494,25"
05/2042,"R$ 504.494,25","R$ 504.494,25","R$ 5.297,19",15.0%,"R$ 4.502,61","R$ 509.996,86"
06/2042,"R$ 509.996,86","R$ 509.996,86","R$ 5.354,97",15.0%,"R$ 4.551,72","R$ 515.548,58"
07/2042,"R$ 515.548,58","R$ 515.548,58","R$ 5.413,26",15.0%,"R$ 4.601,27","R$ 521.149,85"
08/2042,"R$ 521.149,85","R$ 521.149,85","R$ 5.472,07",15.0%,"R$ 4.651,26","R$ 526.801,11"
09/2042,"R$ 526.801,11","R$ 526.801,11","R$ 5.531,41",15.0%,"R$ 4.701,70","R$ 532.502,81"
10/2042,"R$ 532.502,81","R$ 532.502,81","R$ 5.591,28",15.0%,"R$ 4.752,59","R$ 538.255,40"
11/2042,"R$ 538.255,40","R$ 538.255,40","R$ 5.651,68",15.0%,"R$ 4.803,93","R$ 544.059,33"
12/2042,"R$ 544.059,33","R$ 544.059,33","R$ 5.712,62",15.0%,"R$ 4.855,73","R$ 549.915,06"
01/2043,"R$ 549.915,06","R$ 549.915,06","R$ 5.774,11",15.0%,"R$ 4.907,99","R$ 555.823,05"
02/2043,"R$ 555.823,05","R$ 555.823,05","R$ 5.836,14",15.0%,"R$ 4.960,72","R$ 561.783,77"
03/2043,"R$ 561.783,77","R$ 561.783,77","R$ 5.898,73",15.0%,"R$ 5.013,92","R$ 567.797,69"
04/2043,"R$ 567.797,69","R$ 567.797,69","R$ 5.961,88",15.0%,"R$ 5.067,59","R$ 573.865,29"
05/2043,"R$ 573.865,29","R$ 573.865,29","R$ 6.025,59",15.0%,"R$ 5.121,75","R$ 579.987,03"
06/2043,"R$ 579.987,03","R$ 579.987,03","R$ 6.089,86",15.0%,"R$ 5.176,38","R$ 586.163,42"
07/2043,"R$ 586.163,42","R$ 586.163,42","R$ 6.154,72",15.0%,"R$ 5.231,51","R$ 592.394,93"
08/2043,"R$ 592.394,93","R$ 592.394,93","R$ 6.220,15",15.0%,"R$ 5.287,12","R$ 598.682,05"
09/2043,"R$ 598.682,05","R$ 598.682,05","R$ 6.286,16",15.0%,"R$ 5.343,24","R$ 605.025,29"
10/2043,"R$ 605.025,29","R$ 605.025,29","R$ 6.352,77",15.0%,"R$ 5.399,85","R$ 611.425,14"
11/2043,"R$ 611.425,14","R$ 611.425,14","R$ 6.419,96",15.0%,"R$ 5.456,97","R$ 617.882,11"
12/2043,"R$ 617.882,11","R$ 617.882,11","R$ 6.487,76",15.0%,"R$ 5.514,60","R$ 624.396,71"
01/2044,"R$ 624.396,71","R$ 624.396,71","R$ 6.556,17",15.0%,"R$ 5.572,74","R$ 630.969,45"
02/2044,"R$ 630.969,45","R$ 630.969,45","R$ 6.625,18",15.0%,"R$ 5.631,40","R$ 637.600,85"
03/2044,"R$ 637.600,85","R$ 637.600,85","R$ 6.694,81",15.0%,"R$ 5.690,59","R$ 644.291,44"
04/2044,"R$ 644.291,44","R$ 644.291,44","R$ 6.765,06",15.0%,"R$ 5.750,30","R$ 651.041,74"
05/2044,"R$ 651.041,74","R$ 651.041,74","R$ 6.835,94",15.0%,"R$ 5.810,55","R$ 657.852,29"
06/2044,"R$ 657.852,29","R$ 657.852,29","R$ 6.907,45",15.0%,"R$ 5.871,33","R$ 664.723,62"
07/2044,"R$ 664.723,62","R$ 664.723,62","R$ 6.979,60",15.0%,"R$ 5.932,66","R$ 671.656,28"
08/2044,"R$ 671.656,28","R$ 671.656,28","R$ 7.052,39",15.0%,"R$ 5.994,53","R$ 678.650,81"
09/2044,"R$ 678.650,81","R$ 678.650,81","R$ 7.125,83",15.0%,"R$ 6.056,96","R$ 685.707,77"
10/2044,"R$ 685.707,77","R$ 685.707,77","R$ 7.199,93",15.0%,"R$ 6.119,94","R$ 692.827,71"
11/2044,"R$ 692.827,71","R$ 692.827,71","R$ 7.274,69",15.0%,"R$ 6.183,49","R$ 700.011,20"
12/2044,"R$ 700.011,20","R$ 700.011,20","R$ 7.350,12",15.0%,"R$ 6.247,60","R$ 707.258,80"
01/2045,"R$ 707.258,80","R$ 707.258,80","R$ 7.426,22",15.0%,"R$ 6.312,28","R$ 714.571,08"
02/2045,"R$ 714.571,08","R$ 714.571,08","R$ 7.503,00",15.0%,"R$ 6.377,55","R$ 721.948,63"
03/2045,"R$ 721.948,63","R$ 721.948,63","R$ 7.580,46",15.0%,"R$ 6.443,39","R$ 729.392,02"
04/2045,"R$ 729.392,02","R$ 729.392,02","R$ 7.658,62",15.0%,"R$ 6.509,82","R$ 736.901,84"
05/2045,"R$ 736.901,84","R$ 736.901,84","R$ 7.737,47",15.0%,"R$ 6.576,85","R$ 744.478,69"
06/2045,"R$ 744.478,69","R$ 744.478,69","R$ 7.817,03",15.0%,"R$ 6.644,47","R$ 752.123,16"
07/2045,"R$ 752.123,16","R$ 752.123,16","R$ 7.897,29",15.0%,"R$ 6.712,70","R$ 759.835,86"
08/2045,"R$ 759.835,86","R$ 759.835,86","R$ 7.978,28",15.0%,"R$ 6.781,54","R$ 767.617,40"
09/2045,"R$ 767.617,40","R$ 767.617,40","R$ 8.059,98",15.0%,"R$ 6.850,99","R$ 775.468,38"
10/2045,"R$ 775.468,38","R$ 775.468,38","R$ 8.142,42",15.0%,"R$ 6.921,06","R$ 783.389,44"
11/2045,"R$ 783.389,44","R$ 783.389,44","R$ 8.225,59",15.0%,"R$ 6.991,75","R$ 791.381,19"
12/2045,"R$ 791.381,19","R$ 791.381,19","R$ 8.309,50",15.0%,"R$ 7.063,08","R$ 799.444,27"
01/2046,"R$ 799.444,27","R$ 799.444,27","R$ 8.394,16",15.0%,"R$ 7.135,04","R$ 807.579,31"
02/2046,"R$ 807.579,31","R$ 807.579,31","R$ 8.479,58",15.0%,"R$ 7.207,65","R$ 815.786,95"
03/2046,"R$ 815.786,95","R$ 815.786,95","R$ 8.565,76",15.0%,"R$ 7.280,90","R$ 824.067,85"
04/2046,"R$ 824.067,85","R$ 824.067,85","R$ 8.652,71",15.0%,"R$ 7.354,81","R$ 832.422,66"
