-- MySQL dump 10.13  Distrib 8.0.45, for Win64 (x86_64)
--
-- Host: 127.0.0.1    Database: lojaonline
-- ------------------------------------------------------
-- Server version	5.5.5-10.4.32-MariaDB

/*!40101 SET @OLD_CHARACTER_SET_CLIENT=@@CHARACTER_SET_CLIENT */;
/*!40101 SET @OLD_CHARACTER_SET_RESULTS=@@CHARACTER_SET_RESULTS */;
/*!40101 SET @OLD_COLLATION_CONNECTION=@@COLLATION_CONNECTION */;
/*!50503 SET NAMES utf8 */;
/*!40103 SET @OLD_TIME_ZONE=@@TIME_ZONE */;
/*!40103 SET TIME_ZONE='+00:00' */;
/*!40014 SET @OLD_UNIQUE_CHECKS=@@UNIQUE_CHECKS, UNIQUE_CHECKS=0 */;
/*!40014 SET @OLD_FOREIGN_KEY_CHECKS=@@FOREIGN_KEY_CHECKS, FOREIGN_KEY_CHECKS=0 */;
/*!40101 SET @OLD_SQL_MODE=@@SQL_MODE, SQL_MODE='NO_AUTO_VALUE_ON_ZERO' */;
/*!40111 SET @OLD_SQL_NOTES=@@SQL_NOTES, SQL_NOTES=0 */;

--
-- Table structure for table `clientes`
--

DROP TABLE IF EXISTS `clientes`;
/*!40101 SET @saved_cs_client     = @@character_set_client */;
/*!50503 SET character_set_client = utf8mb4 */;
CREATE TABLE `clientes` (
  `ClienteID` int(11) NOT NULL AUTO_INCREMENT,
  `Nome` varchar(100) DEFAULT NULL,
  `Email` varchar(100) DEFAULT NULL,
  `Cidade` varchar(50) DEFAULT NULL,
  PRIMARY KEY (`ClienteID`)
) ENGINE=InnoDB AUTO_INCREMENT=4 DEFAULT CHARSET=utf8mb4 COLLATE=utf8mb4_general_ci;
/*!40101 SET character_set_client = @saved_cs_client */;

--
-- Dumping data for table `clientes`
--

LOCK TABLES `clientes` WRITE;
/*!40000 ALTER TABLE `clientes` DISABLE KEYS */;
INSERT INTO `clientes` VALUES (1,'Maria Silva','maria@email.com','São Paulo'),(2,'João Santos','joao@email.com','Santo André'),(3,'Ana Costa','ana@email.com','Rio de Janeiro');
/*!40000 ALTER TABLE `clientes` ENABLE KEYS */;
UNLOCK TABLES;

--
-- Table structure for table `itenspedido`
--

DROP TABLE IF EXISTS `itenspedido`;
/*!40101 SET @saved_cs_client     = @@character_set_client */;
/*!50503 SET character_set_client = utf8mb4 */;
CREATE TABLE `itenspedido` (
  `ItemID` int(11) NOT NULL AUTO_INCREMENT,
  `PedidoID` int(11) DEFAULT NULL,
  `ProdutoID` int(11) DEFAULT NULL,
  `Quantidade` int(11) DEFAULT NULL,
  PRIMARY KEY (`ItemID`),
  KEY `PedidoID` (`PedidoID`),
  KEY `ProdutoID` (`ProdutoID`),
  CONSTRAINT `itenspedido_ibfk_1` FOREIGN KEY (`PedidoID`) REFERENCES `pedidos` (`PedidoID`),
  CONSTRAINT `itenspedido_ibfk_2` FOREIGN KEY (`ProdutoID`) REFERENCES `produtos` (`ProdutoID`)
) ENGINE=InnoDB AUTO_INCREMENT=4 DEFAULT CHARSET=utf8mb4 COLLATE=utf8mb4_general_ci;
/*!40101 SET character_set_client = @saved_cs_client */;

--
-- Dumping data for table `itenspedido`
--

LOCK TABLES `itenspedido` WRITE;
/*!40000 ALTER TABLE `itenspedido` DISABLE KEYS */;
INSERT INTO `itenspedido` VALUES (1,1,1,1),(2,1,3,2),(3,2,2,1);
/*!40000 ALTER TABLE `itenspedido` ENABLE KEYS */;
UNLOCK TABLES;

--
-- Table structure for table `pedidos`
--

DROP TABLE IF EXISTS `pedidos`;
/*!40101 SET @saved_cs_client     = @@character_set_client */;
/*!50503 SET character_set_client = utf8mb4 */;
CREATE TABLE `pedidos` (
  `PedidoID` int(11) NOT NULL AUTO_INCREMENT,
  `ClienteID` int(11) DEFAULT NULL,
  `DataPedido` date DEFAULT NULL,
  PRIMARY KEY (`PedidoID`),
  KEY `ClienteID` (`ClienteID`),
  CONSTRAINT `pedidos_ibfk_1` FOREIGN KEY (`ClienteID`) REFERENCES `clientes` (`ClienteID`)
) ENGINE=InnoDB AUTO_INCREMENT=3 DEFAULT CHARSET=utf8mb4 COLLATE=utf8mb4_general_ci;
/*!40101 SET character_set_client = @saved_cs_client */;

--
-- Dumping data for table `pedidos`
--

LOCK TABLES `pedidos` WRITE;
/*!40000 ALTER TABLE `pedidos` DISABLE KEYS */;
INSERT INTO `pedidos` VALUES (1,1,'2026-02-01'),(2,2,'2026-02-02');
/*!40000 ALTER TABLE `pedidos` ENABLE KEYS */;
UNLOCK TABLES;

--
-- Table structure for table `produtos`
--

DROP TABLE IF EXISTS `produtos`;
/*!40101 SET @saved_cs_client     = @@character_set_client */;
/*!50503 SET character_set_client = utf8mb4 */;
CREATE TABLE `produtos` (
  `ProdutoID` int(11) NOT NULL AUTO_INCREMENT,
  `NomeProduto` varchar(100) DEFAULT NULL,
  `Preco` decimal(10,2) DEFAULT NULL,
  `Categoria` varchar(50) DEFAULT NULL,
  PRIMARY KEY (`ProdutoID`)
) ENGINE=InnoDB AUTO_INCREMENT=4 DEFAULT CHARSET=utf8mb4 COLLATE=utf8mb4_general_ci;
/*!40101 SET character_set_client = @saved_cs_client */;

--
-- Dumping data for table `produtos`
--

LOCK TABLES `produtos` WRITE;
/*!40000 ALTER TABLE `produtos` DISABLE KEYS */;
INSERT INTO `produtos` VALUES (1,'Notebook',3500.00,'Eletrônicos'),(2,'Smartphone',2000.00,'Eletrônicos'),(3,'Cafeteira',300.00,'Eletrodomésticos');
/*!40000 ALTER TABLE `produtos` ENABLE KEYS */;
UNLOCK TABLES;
/*!40103 SET TIME_ZONE=@OLD_TIME_ZONE */;

/*!40101 SET SQL_MODE=@OLD_SQL_MODE */;
/*!40014 SET FOREIGN_KEY_CHECKS=@OLD_FOREIGN_KEY_CHECKS */;
/*!40014 SET UNIQUE_CHECKS=@OLD_UNIQUE_CHECKS */;
/*!40101 SET CHARACTER_SET_CLIENT=@OLD_CHARACTER_SET_CLIENT */;
/*!40101 SET CHARACTER_SET_RESULTS=@OLD_CHARACTER_SET_RESULTS */;
/*!40101 SET COLLATION_CONNECTION=@OLD_COLLATION_CONNECTION */;
/*!40111 SET SQL_NOTES=@OLD_SQL_NOTES */;

-- Dump completed on 2026-02-03 14:45:22
