[
  {"nome": "João", "idade": 30, "homem": true, "peso": 100, "altura": 1.60},
  {"nome": "Maria", "idade": 25, "homem": false, "peso": 50, "altura": 1.50},
  {"nome": "Jessica", "idade": 18, "homem": false, "peso": 45, "altura": 1.45},
  {"nome": "Carlos", "idade": 35, "homem": true, "peso": 70, "altura": 1.80},
  {"nome": "Pedro", "idade": 12, "homem": false, "peso": 20, "altura": 1.50},
  {"nome": "Fabio", "idade": 37, "homem": true, "peso": 80, "altura": 1.75},
  {"nome": "Arthur", "idade": 21, "homem": false, "peso": 95, "altura": 1.85},
  {"nome": "Gordo", "idade": 99, "homem": false, "peso": 5000, "altura": 1.20}
]
